document_id,input_path,output_path,source_parse_status,chunk_count,min_chars,max_chars,avg_chars,total_chars,under_min_count,over_max_count,status,note
CIRCULAR_111_2013_TT_BTC,data/processed/structured_documents/CIRCULAR_111_2013_TT_BTC.json,data/processed/chunks/CIRCULAR_111_2013_TT_BTC_chunks.json,OK,88,213,3593,2182.06,192021,1,0,OK,
CIRCULAR_119_2014_TT_BTC,data/processed/structured_documents/CIRCULAR_119_2014_TT_BTC.json,data/processed/chunks/CIRCULAR_119_2014_TT_BTC_chunks.json,OK,40,315,3591,2352.88,94115,0,0,OK,
CIRCULAR_151_2014_TT_BTC,data/processed/structured_documents/CIRCULAR_151_2014_TT_BTC.json,data/processed/chunks/CIRCULAR_151_2014_TT_BTC_chunks.json,OK,46,203,3591,2152.43,99012,1,0,OK,
CIRCULAR_20_2010_TT_BTC,data/processed/structured_documents/CIRCULAR_20_2010_TT_BTC.json,data/processed/chunks/CIRCULAR_20_2010_TT_BTC_chunks.json,OK,19,69,3598,2599,49381,1,0,OK,
CIRCULAR_92_2015_TT_BTC,data/processed/structured_documents/CIRCULAR_92_2015_TT_BTC.json,data/processed/chunks/CIRCULAR_92_2015_TT_BTC_chunks.json,OK,50,282,3590,2322.96,116148,1,0,OK,
DECREE_12_2015_ND_CP,data/processed/structured_documents/DECREE_12_2015_ND_CP.json,data/processed/chunks/DECREE_12_2015_ND_CP_chunks.json,OK,26,677,3596,2793.54,72632,0,0,OK,
DECREE_65_2013_ND_CP,data/processed/structured_documents/DECREE_65_2013_ND_CP.json,data/processed/chunks/DECREE_65_2013_ND_CP_chunks.json,OK,38,150,3526,1267.76,48175,3,0,OK,
DECREE_91_2014_ND_CP,data/processed/structured_documents/DECREE_91_2014_ND_CP.json,data/processed/chunks/DECREE_91_2014_ND_CP_chunks.json,OK,8,1245,3467,2531.25,20250,0,0,OK,
DISPATCH_12764_CTHN_TTHT,data/processed/structured_documents/DISPATCH_12764_CTHN_TTHT.json,data/processed/chunks/DISPATCH_12764_CTHN_TTHT_chunks.json,NO_ARTICLE_FOUND,2,735,3595,2165,4330,0,0,OK,
DISPATCH_13510_CTHN_TTHT,data/processed/structured_documents/DISPATCH_13510_CTHN_TTHT.json,data/processed/chunks/DISPATCH_13510_CTHN_TTHT_chunks.json,NO_ARTICLE_FOUND,2,3391,3567,3479,6958,0,0,OK,
DISPATCH_13762_CTHN_HKDCN,data/processed/structured_documents/DISPATCH_13762_CTHN_HKDCN.json,data/processed/chunks/DISPATCH_13762_CTHN_HKDCN_chunks.json,NO_ARTICLE_FOUND,7,3257,3576,3431.43,24020,0,0,OK,
DISPATCH_19297_CTHN_TTHT,data/processed/structured_documents/DISPATCH_19297_CTHN_TTHT.json,data/processed/chunks/DISPATCH_19297_CTHN_TTHT_chunks.json,NO_ARTICLE_FOUND,1,3117,3117,3117,3117,0,0,OK,
DISPATCH_20479_CT_TTHT,data/processed/structured_documents/DISPATCH_20479_CT_TTHT.json,data/processed/chunks/DISPATCH_20479_CT_TTHT_chunks.json,NO_ARTICLE_FOUND,2,477,3441,1959,3918,0,0,OK,
DISPATCH_24601_CTHN_TTHT,data/processed/structured_documents/DISPATCH_24601_CTHN_TTHT.json,data/processed/chunks/DISPATCH_24601_CTHN_TTHT_chunks.json,NO_ARTICLE_FOUND,2,1951,3478,2714.5,5429,0,0,OK,
DISPATCH_26215_CTHN_TTHT,data/processed/structured_documents/DISPATCH_26215_CTHN_TTHT.json,data/processed/chunks/DISPATCH_26215_CTHN_TTHT_chunks.json,NO_ARTICLE_FOUND,2,552,3467,2009.5,4019,0,0,OK,
DISPATCH_3177_TCT_DNNCN,data/processed/structured_documents/DISPATCH_3177_TCT_DNNCN.json,data/processed/chunks/DISPATCH_3177_TCT_DNNCN_chunks.json,NO_ARTICLE_FOUND,2,1860,3552,2706,5412,0,0,OK,
DISPATCH_33037_CTHN_TTHT,data/processed/structured_documents/DISPATCH_33037_CTHN_TTHT.json,data/processed/chunks/DISPATCH_33037_CTHN_TTHT_chunks.json,NO_ARTICLE_FOUND,2,1257,3318,2287.5,4575,0,0,OK,
DISPATCH_3469_CTHN_TTHT,data/processed/structured_documents/DISPATCH_3469_CTHN_TTHT.json,data/processed/chunks/DISPATCH_3469_CTHN_TTHT_chunks.json,NO_ARTICLE_FOUND,3,1684,3504,2784,8352,0,0,OK,
DISPATCH_388_CTHN_TTHT,data/processed/structured_documents/DISPATCH_388_CTHN_TTHT.json,data/processed/chunks/DISPATCH_388_CTHN_TTHT_chunks.json,NO_ARTICLE_FOUND,2,2341,3484,2912.5,5825,0,0,OK,
DISPATCH_41573_CTHN_TTHT,data/processed/structured_documents/DISPATCH_41573_CTHN_TTHT.json,data/processed/chunks/DISPATCH_41573_CTHN_TTHT_chunks.json,NO_ARTICLE_FOUND,2,3479,3561,3520,7040,0,0,OK,
DISPATCH_4172_TCT_DNNCN,data/processed/structured_documents/DISPATCH_4172_TCT_DNNCN.json,data/processed/chunks/DISPATCH_4172_TCT_DNNCN_chunks.json,NO_ARTICLE_FOUND,2,1768,3513,2640.5,5281,0,0,OK,
DISPATCH_4418_CTHN_TTHT,data/processed/structured_documents/DISPATCH_4418_CTHN_TTHT.json,data/processed/chunks/DISPATCH_4418_CTHN_TTHT_chunks.json,NO_ARTICLE_FOUND,2,829,3398,2113.5,4227,0,0,OK,
DISPATCH_45194_CTHN_TTHT,data/processed/structured_documents/DISPATCH_45194_CTHN_TTHT.json,data/processed/chunks/DISPATCH_45194_CTHN_TTHT_chunks.json,NO_ARTICLE_FOUND,2,1187,3467,2327,4654,0,0,OK,
DISPATCH_4888_TCT_DNNCN,data/processed/structured_documents/DISPATCH_4888_TCT_DNNCN.json,data/processed/chunks/DISPATCH_4888_TCT_DNNCN_chunks.json,NO_ARTICLE_FOUND,1,2928,2928,2928,2928,0,0,OK,
DISPATCH_5001_TCT_DNNCN,data/processed/structured_documents/DISPATCH_5001_TCT_DNNCN.json,data/processed/chunks/DISPATCH_5001_TCT_DNNCN_chunks.json,NO_ARTICLE_FOUND,2,995,3583,2289,4578,0,0,OK,
DISPATCH_6097_CTHN_TTHT,data/processed/structured_documents/DISPATCH_6097_CTHN_TTHT.json,data/processed/chunks/DISPATCH_6097_CTHN_TTHT_chunks.json,NO_ARTICLE_FOUND,4,1263,3533,2815.25,11261,0,0,OK,
DISPATCH_61175_CTHN_TTHT,data/processed/structured_documents/DISPATCH_61175_CTHN_TTHT.json,data/processed/chunks/DISPATCH_61175_CTHN_TTHT_chunks.json,NO_ARTICLE_FOUND,2,1410,3540,2475,4950,0,0,OK,
DISPATCH_61182_CTHN_TTHT,data/processed/structured_documents/DISPATCH_61182_CTHN_TTHT.json,data/processed/chunks/DISPATCH_61182_CTHN_TTHT_chunks.json,NO_ARTICLE_FOUND,2,232,3537,1884.5,3769,1,0,OK,
DISPATCH_63646_CTHN_TTHT,data/processed/structured_documents/DISPATCH_63646_CTHN_TTHT.json,data/processed/chunks/DISPATCH_63646_CTHN_TTHT_chunks.json,NO_ARTICLE_FOUND,1,359,359,359,359,0,0,OK,
DISPATCH_9208_CT_TTHT,data/processed/structured_documents/DISPATCH_9208_CT_TTHT.json,data/processed/chunks/DISPATCH_9208_CT_TTHT_chunks.json,NO_ARTICLE_FOUND,1,1505,1505,1505,1505,0,0,OK,
JOINT_CIRCULAR_206_2013_TTLT_BTC_BCA,data/processed/structured_documents/JOINT_CIRCULAR_206_2013_TTLT_BTC_BCA.json,data/processed/chunks/JOINT_CIRCULAR_206_2013_TTLT_BTC_BCA_chunks.json,OK,13,349,3522,1762.08,22907,0,0,OK,
JOINT_CIRCULAR_212_2013_TTLT_BTC_BQP,data/processed/structured_documents/JOINT_CIRCULAR_212_2013_TTLT_BTC_BQP.json,data/processed/chunks/JOINT_CIRCULAR_212_2013_TTLT_BTC_BQP_chunks.json,OK,12,422,3023,1946.08,23353,0,0,OK,
LAW_109_2025_QH15,data/processed/structured_documents/LAW_109_2025_QH15.json,data/processed/chunks/LAW_109_2025_QH15_chunks.json,OK,30,165,3529,973.37,29201,2,0,OK,
RESOLUTION_954_2020_UBTVQH14,data/processed/structured_documents/RESOLUTION_954_2020_UBTVQH14.json,data/processed/chunks/RESOLUTION_954_2020_UBTVQH14_chunks.json,OK,2,367,680,523.5,1047,0,0,OK,
